StartTime,EndTime,SB UID,SB Name,Project Code,Science Grade,ArrayType,ConfigurationName,Band
2015-03-31T00:00:00,2015-03-31T02:00:00,uid://A001/X120/X8,HH46_a_08_7M,2013.1.01202.S,B,SEVEN_M,7m,8
2015-03-31T02:00:00,2015-03-31T04:00:00,uid://A001/X146/Xcc,N55_b_03_7M,2013.1.00214.S,C,SEVEN_M,7m,3
2015-03-31T13:00:00,2015-03-31T17:00:00,uid://A002/X95de6f/X1c,Uranus_M83_a_06_TP,2013.1.01161.S,B,TP_ARRAY,TP,6
2015-03-31T23:30:00,2015-04-01T01:30:00,uid://A001/X146/Xcc,N55_b_03_7M,2013.1.00214.S,C,SEVEN_M,7m,3
2015-04-01T01:30:00,2015-04-01T03:30:00,uid://A001/X146/Xcc,N55_b_03_7M,2013.1.00214.S,C,SEVEN_M,7m,3
2015-04-01T03:30:00,2015-04-01T05:30:00,uid://A001/X146/X61,LMC_N166_a_06_7M,2013.1.01091.S,C,SEVEN_M,7m,6
2015-04-02T00:00:00,2015-04-02T02:00:00,uid://A001/X146/X61,LMC_N166_a_06_7M,2013.1.01091.S,C,SEVEN_M,7m,6
2015-04-04T20:00:00,2015-04-05T00:00:00,uid://A001/X147/X306,N55_b_03_TP,2013.1.00214.S,C,TP_ARRAY,TP,3
2015-04-07T20:00:00,2015-04-08T00:00:00,uid://A001/X147/X306,N55_b_03_TP,2013.1.00214.S,C,TP_ARRAY,TP,3
2015-04-07T23:00:00,2015-04-08T01:00:00,uid://A001/X122/X5bd,OH_231.8_a_07_TE,2013.1.00252.S,B,TWELVE_M,C34-5,7
2015-04-08T05:00:00,2015-04-08T07:00:00,uid://A001/X13a/X154,IRAS1250_a_06_TE,2013.1.00708.S,B,TWELVE_M,C34-5,6
2015-04-08T09:00:00,2015-04-08T11:00:00,uid://A001/X13a/X154,IRAS1250_a_06_TE,2013.1.00708.S,B,TWELVE_M,C34-5,6
2015-04-08T10:40:00,2015-04-08T12:00:00,uid://A002/X9a055b/X83,SWBarS_230.45_c_06_TP,2013.1.00652.S,B,TP_ARRAY,TP,6
2015-04-08T20:00:00,2015-04-09T00:00:00,uid://A001/X147/X306,N55_b_03_TP,2013.1.00214.S,C,TP_ARRAY,TP,3
2015-04-08T22:00:00,2015-04-09T00:00:00,uid://A001/X122/X5bd,OH_231.8_a_07_TE,2013.1.00252.S,B,TWELVE_M,C34-5,7
2015-04-09T00:00:00,2015-04-09T02:00:00,uid://A001/X122/X5be,OH_231.8_b_07_TE,2013.1.00252.S,B,TWELVE_M,C34-5,7
2015-04-09T02:00:00,2015-04-09T04:00:00,uid://A001/X122/X5be,OH_231.8_b_07_TE,2013.1.00252.S,B,TWELVE_M,C34-5,7
2015-04-09T04:00:00,2015-04-09T06:00:00,uid://A001/X122/X5be,OH_231.8_b_07_TE,2013.1.00252.S,B,TWELVE_M,C34-5,7
2015-04-09T07:20:00,2015-04-09T09:20:00,uid://A001/X147/X16e,1933-400_a_03_TE,2013.1.00428.S,C,TWELVE_M,C34-5,3
2015-04-09T09:20:00,2015-04-09T11:20:00,uid://A001/X138/X67,Eyelash_a_06_TE,2013.1.00164.S,B,TWELVE_M,C34-5,6
2015-04-09T20:00:00,2015-04-10T00:00:00,uid://A001/X147/X306,N55_b_03_TP,2013.1.00214.S,C,TP_ARRAY,TP,3
2015-04-10T02:00:00,2015-04-10T03:30:00,uid://A002/X5a9a13/X585,beta_pictoris_c32-6,2012.1.00142.S,B,TWELVE_M,C34-5,6
2015-04-10T05:30:00,2015-04-10T07:30:00,uid://A001/X11d/X11,J1055597_a_07_TE,2013.1.00437.S,B,TWELVE_M,C34-5,7
2015-04-10T09:30:00,2015-04-10T11:30:00,uid://A001/X121/X3c2,SSA22J22_a_07_TE,2013.1.00362.S,B,TWELVE_M,C34-5,7
2015-04-10T10:40:00,2015-04-10T12:00:00,uid://A002/X9a055b/X83,SWBarS_230.45_c_06_TP,2013.1.00652.S,B,TP_ARRAY,TP,6
2015-04-10T20:00:00,2015-04-11T00:00:00,uid://A002/X996c88/X6e,N132D_a_03_TP,2013.1.01042.S,B,TP_ARRAY,TP,3
2015-04-10T22:00:00,2015-04-11T00:00:00,uid://A001/X147/X16d,0607-157_a_03_TE,2013.1.00428.S,C,TWELVE_M,C34-5,3
2015-04-11T06:40:00,2015-04-11T08:40:00,uid://A001/X11d/X12,J1056163_a_07_TE,2013.1.00437.S,B,TWELVE_M,C34-5,7
2015-04-11T08:40:00,2015-04-11T10:40:00,uid://A001/X138/X67,Eyelash_a_06_TE,2013.1.00164.S,B,TWELVE_M,C34-5,6
2015-04-11T10:40:00,2015-04-11T12:00:00,uid://A001/X122/X346,Core_reg_a_06_TE,2013.1.00162.S,B,TWELVE_M,C34-5,6
2015-04-11T10:40:00,2015-04-11T12:00:00,uid://A002/X9a055b/X83,SWBarS_230.45_c_06_TP,2013.1.00652.S,B,TP_ARRAY,TP,6
2015-04-11T20:00:00,2015-04-12T00:00:00,uid://A002/X996c88/X6e,N132D_a_03_TP,2013.1.01042.S,B,TP_ARRAY,TP,3
2015-04-12T00:00:00,2015-04-12T02:00:00,uid://A001/X147/X172,0607-157_b_03_TE,2013.1.00428.S,C,TWELVE_M,C34-5,3
2015-04-12T03:20:00,2015-04-12T05:20:00,uid://A001/X11d/X12,J1056163_a_07_TE,2013.1.00437.S,B,TWELVE_M,C34-5,7
2015-04-12T09:20:00,2015-04-12T11:20:00,uid://A001/X122/X346,Core_reg_a_06_TE,2013.1.00162.S,B,TWELVE_M,C34-5,6
2015-04-12T10:40:00,2015-04-12T12:00:00,uid://A002/X9a055b/X83,SWBarS_230.45_c_06_TP,2013.1.00652.S,B,TP_ARRAY,TP,6
2015-04-12T11:20:00,2015-04-12T12:00:00,uid://A001/X13a/X17e,ngc_253_a_07_TC,2013.1.00735.S,B,TWELVE_M,C34-5,7
2015-04-12T20:00:00,2015-04-12T21:30:00,uid://A002/X5a9a13/X585,beta_pictoris_c32-6,2012.1.00142.S,B,TWELVE_M,C34-5,6
2015-04-12T21:30:00,2015-04-12T23:00:00,uid://A002/X5a9a13/X585,beta_pictoris_c32-6,2012.1.00142.S,B,TWELVE_M,C34-5,6
2015-04-13T00:00:00,2015-04-13T04:00:00,uid://A002/X996c88/X5f,PCC_1154_a_06_TP,2013.1.00832.S,B,TP_ARRAY,TP,6
2015-04-13T03:00:00,2015-04-13T04:30:00,uid://A002/X5a9a13/X6f5,Supernova_ToO_upon_a_discovery-band6,2012.1.00584.T,B,TWELVE_M,C34-5,6
2015-04-13T10:30:00,2015-04-13T12:00:00,uid://A001/X122/X346,Core_reg_a_06_TE,2013.1.00162.S,B,TWELVE_M,C34-5,6
2015-04-13T20:00:00,2015-04-13T22:00:00,uid://A002/X7d1738/X15f,ab_aurigae_12m_B7_repeat_x2,2012.1.00303.S,B,TWELVE_M,C34-5,7
2015-04-14T00:00:00,2015-04-14T02:00:00,uid://A001/X12f/X30e,NGC1365_b_06_TE,2013.1.01161.S,B,TWELVE_M,C34-5,6
2015-04-14T04:00:00,2015-04-14T05:30:00,uid://A002/X5a9a13/X6f6,Supernova_ToO_upon_a_discovery-band7,2012.1.00584.T,B,TWELVE_M,C34-5,7
2015-04-14T09:20:00,2015-04-14T12:00:00,uid://A002/X9a055b/X83,SWBarS_230.45_c_06_TP,2013.1.00652.S,B,TP_ARRAY,TP,6
2015-04-14T09:30:00,2015-04-14T11:30:00,uid://A001/X122/X346,Core_reg_a_06_TE,2013.1.00162.S,B,TWELVE_M,C34-5,6
2015-04-14T11:30:00,2015-04-14T12:00:00,uid://A001/X147/X16a,2223-052_a_03_TE,2013.1.00428.S,C,TWELVE_M,C34-5,3
2015-04-21T20:00:00,2015-04-21T22:00:00,uid://A001/X147/X16b,3c120_a_03_TE,2013.1.00428.S,C,TWELVE_M,C34-5,3
2015-04-21T22:00:00,2015-04-22T00:00:00,uid://A001/X121/X468,UDF6462_a_06_TE,2013.1.01271.S,B,TWELVE_M,C34-5,6
2015-04-22T00:00:00,2015-04-22T04:00:00,uid://A001/X147/X306,N55_b_03_TP,2013.1.00214.S,C,TP_ARRAY,TP,3
2015-04-22T09:20:00,2015-04-22T12:00:00,uid://A002/X9a055b/X83,SWBarS_230.45_c_06_TP,2013.1.00652.S,B,TP_ARRAY,TP,6
2015-04-22T20:00:00,2015-04-23T00:00:00,uid://A001/X147/X306,N55_b_03_TP,2013.1.00214.S,C,TP_ARRAY,TP,3
2015-04-22T22:00:00,2015-04-22T23:30:00,uid://A002/X5d7935/X301,MWC758_343_12m,2012.1.00725.S,B,TWELVE_M,C34-5,7
2015-04-23T00:00:00,2015-04-23T04:00:00,uid://A001/X147/X306,N55_b_03_TP,2013.1.00214.S,C,TP_ARRAY,TP,3
2015-04-23T08:10:00,2015-04-23T10:10:00,uid://A002/X996c88/X3d,Z21293-0_a_07_TE,2013.1.00050.S,C,TWELVE_M,C34-5,7
2015-04-23T09:20:00,2015-04-23T12:00:00,uid://A002/X9a055b/X83,SWBarS_230.45_c_06_TP,2013.1.00652.S,B,TP_ARRAY,TP,6
2015-04-23T20:00:00,2015-04-24T00:00:00,uid://A001/X147/X306,N55_b_03_TP,2013.1.00214.S,C,TP_ARRAY,TP,3
2015-04-23T22:00:00,2015-04-24T00:00:00,uid://A001/X121/X468,UDF6462_a_06_TE,2013.1.01271.S,B,TWELVE_M,C34-5,6
2015-04-24T00:00:00,2015-04-24T02:00:00,uid://A001/X12a/Xb,OMC-1S_a_06_TE,2013.1.01037.S,B,TWELVE_M,C34-5,6
2015-04-24T00:00:00,2015-04-24T04:00:00,uid://A001/X147/X306,N55_b_03_TP,2013.1.00214.S,C,TP_ARRAY,TP,3
2015-04-24T09:20:00,2015-04-24T12:00:00,uid://A002/X9a055b/X7f,N22_230.45_a_06_TP,2013.1.00652.S,B,TP_ARRAY,TP,6
2015-04-24T10:40:00,2015-04-24T12:00:00,uid://A001/X12a/X220,n613_a_07_TC,2013.1.01329.S,B,TWELVE_M,C34-5,7
2015-04-24T20:00:00,2015-04-25T00:00:00,uid://A001/X147/X306,N55_b_03_TP,2013.1.00214.S,C,TP_ARRAY,TP,3
2015-04-24T20:00:00,2015-04-24T21:30:00,uid://A002/X7d1738/X119,NGC_1068,2012.1.00657.S,B,TWELVE_M,C34-5,3
2015-04-24T21:30:00,2015-04-24T23:30:00,uid://A001/X121/X468,UDF6462_a_06_TE,2013.1.01271.S,B,TWELVE_M,C34-5,6
2015-04-25T00:00:00,2015-04-25T04:00:00,uid://A001/X147/X306,N55_b_03_TP,2013.1.00214.S,C,TP_ARRAY,TP,3
2015-04-25T08:50:00,2015-04-25T10:50:00,uid://A001/X146/X2d,SSA22a_C_a_07_TE,2013.1.00139.S,B,TWELVE_M,C34-5,7
2015-04-25T09:20:00,2015-04-25T12:00:00,uid://A002/X9a055b/X7f,N22_230.45_a_06_TP,2013.1.00652.S,B,TP_ARRAY,TP,6
2015-04-25T10:50:00,2015-04-25T12:00:00,uid://A001/X13b/Xf6,BDF-3299_a_08_TE,2013.1.00433.S,B,TWELVE_M,C34-5,8
2015-04-25T20:00:00,2015-04-25T22:00:00,uid://A001/X121/X468,UDF6462_a_06_TE,2013.1.01271.S,B,TWELVE_M,C34-5,6
2015-04-25T20:00:00,2015-04-26T00:00:00,uid://A001/X147/X306,N55_b_03_TP,2013.1.00214.S,C,TP_ARRAY,TP,3
2015-04-26T00:00:00,2015-04-26T04:00:00,uid://A002/X996c88/X5f,PCC_1154_a_06_TP,2013.1.00832.S,B,TP_ARRAY,TP,6
2015-04-26T09:20:00,2015-04-26T12:00:00,uid://A002/X9a055b/X7f,N22_230.45_a_06_TP,2013.1.00652.S,B,TP_ARRAY,TP,6
2015-04-26T10:40:00,2015-04-26T12:00:00,uid://A001/X13b/Xf6,BDF-3299_a_08_TE,2013.1.00433.S,B,TWELVE_M,C34-5,8
2015-04-26T19:00:00,2015-04-26T23:00:00,uid://A001/X147/X306,N55_b_03_TP,2013.1.00214.S,C,TP_ARRAY,TP,3
2015-04-26T21:00:00,2015-04-26T23:00:00,uid://A001/X147/X171,3c120_b_03_TE,2013.1.00428.S,C,TWELVE_M,C34-5,3
2015-04-27T09:00:00,2015-04-27T11:00:00,uid://A001/X146/X2a,SSA22a_C_a_08_TE,2013.1.00139.S,B,TWELVE_M,C34-5,8
2015-04-27T09:40:00,2015-04-27T12:00:00,uid://A002/X9a055b/X7f,N22_230.45_a_06_TP,2013.1.00652.S,B,TP_ARRAY,TP,6
2015-04-27T11:00:00,2015-04-27T12:00:00,uid://A001/X144/X111,LAB01_a_07_TE,2013.1.00704.S,B,TWELVE_M,C34-5,7
2015-04-27T17:00:00,2015-04-27T19:00:00,uid://A001/X130/X12,m33-1_a_03_TE,2013.1.01142.S,B,TWELVE_M,C34-5,3
2015-04-27T19:00:00,2015-04-27T20:30:00,uid://A002/X5a9a13/X7dc,HUDF,2012.1.00173.S,B,TWELVE_M,C34-5,6
2015-04-27T20:30:00,2015-04-27T22:00:00,uid://A002/X5a9a13/X7dc,HUDF,2012.1.00173.S,B,TWELVE_M,C34-5,6
2015-04-28T01:00:00,2015-04-28T05:00:00,uid://A002/X996c88/X5f,PCC_1154_a_06_TP,2013.1.00832.S,B,TP_ARRAY,TP,6
2015-04-28T08:00:00,2015-04-28T10:00:00,uid://A001/X148/X2d,lp_876-1_a_07_TE,2013.1.00313.S,C,TWELVE_M,C34-5,7
2015-04-28T10:00:00,2015-04-28T11:00:00,uid://A001/X148/X2,AzTEC1_d_08_TE,2013.1.00159.S,C,TWELVE_M,C34-5,8
2015-04-28T17:00:00,2015-04-28T18:30:00,uid://A002/X7d1738/X119,NGC_1068,2012.1.00657.S,B,TWELVE_M,C34-5,3
2015-04-28T20:30:00,2015-04-28T22:30:00,uid://A001/X13b/X19,B1-bS_a_06_TE,2013.1.00854.S,B,TWELVE_M,C34-5,6
2015-04-28T21:00:00,2015-04-29T01:00:00,uid://A001/X147/X31f,OMC1_SE_a_06_TP,2013.1.00546.S,B,TP_ARRAY,TP,6
2015-04-29T01:00:00,2015-04-29T05:00:00,uid://A002/X996c88/X5f,PCC_1154_a_06_TP,2013.1.00832.S,B,TP_ARRAY,TP,6
2015-04-29T21:00:00,2015-04-29T22:30:00,uid://A002/X5d7935/X301,MWC758_343_12m,2012.1.00725.S,B,TWELVE_M,C34-5,7
2015-04-29T23:00:00,2015-04-30T03:00:00,uid://A002/X996c88/X5f,PCC_1154_a_06_TP,2013.1.00832.S,B,TP_ARRAY,TP,6
2015-04-30T08:20:00,2015-04-30T11:00:00,uid://A002/X9a055b/X7f,N22_230.45_a_06_TP,2013.1.00652.S,B,TP_ARRAY,TP,6
2015-04-30T10:30:00,2015-04-30T11:00:00,uid://A001/X144/X111,LAB01_a_07_TE,2013.1.00704.S,B,TWELVE_M,C34-5,7
2015-04-30T19:00:00,2015-04-30T21:00:00,uid://A001/X12f/X2ef,GM_Aur_a_07_TE,2013.1.01158.S,B,TWELVE_M,C34-5,7
2015-04-30T21:00:00,2015-04-30T23:00:00,uid://A001/X12f/X2ef,GM_Aur_a_07_TE,2013.1.01158.S,B,TWELVE_M,C34-5,7
2015-04-30T21:00:00,2015-05-01T01:00:00,uid://A002/X996c88/X5f,PCC_1154_a_06_TP,2013.1.00832.S,B,TP_ARRAY,TP,6
2015-05-01T01:00:00,2015-05-01T05:00:00,uid://A002/X996c88/X5f,PCC_1154_a_06_TP,2013.1.00832.S,B,TP_ARRAY,TP,6
2015-05-01T09:00:00,2015-05-01T11:00:00,uid://A002/X9a055b/X7f,N22_230.45_a_06_TP,2013.1.00652.S,B,TP_ARRAY,TP,6
2015-05-01T10:20:00,2015-05-01T11:00:00,uid://A002/X5a279f/X1,Io_345GHz_12m_C32-56,2012.1.00853.S,B,TWELVE_M,C34-5,7
2015-05-01T21:00:00,2015-05-01T22:30:00,uid://A002/X5a9a13/X7dc,HUDF,2012.1.00173.S,B,TWELVE_M,C34-5,6
2015-05-01T21:00:00,2015-05-02T01:00:00,uid://A001/X147/X31d,OMC1_NW_a_06_TP,2013.1.00546.S,B,TP_ARRAY,TP,6
2015-05-01T22:30:00,2015-05-02T00:00:00,uid://A002/X5a9a13/X7dc,HUDF,2012.1.00173.S,B,TWELVE_M,C34-5,6
2015-05-02T01:00:00,2015-05-02T05:00:00,uid://A002/X996c88/X5f,PCC_1154_a_06_TP,2013.1.00832.S,B,TP_ARRAY,TP,6
2015-05-02T08:00:00,2015-05-02T10:00:00,uid://A001/X148/X2d,lp_876-1_a_07_TE,2013.1.00313.S,C,TWELVE_M,C34-5,7
2015-05-02T09:00:00,2015-05-02T13:00:00,uid://A002/X9a055b/X7f,N22_230.45_a_06_TP,2013.1.00652.S,B,TP_ARRAY,TP,6
2015-05-02T10:00:00,2015-05-02T12:00:00,uid://A001/X148/X2d,lp_876-1_a_07_TE,2013.1.00313.S,C,TWELVE_M,C34-5,7
2015-05-02T12:00:00,2015-05-02T14:00:00,uid://A001/X147/X160,3C454.3_a_03_TE,2013.1.00428.S,C,TWELVE_M,C34-5,3
2015-05-02T13:00:00,2015-05-02T17:00:00,uid://A001/X147/X31e,Uranus_b_06_TP,2013.1.00546.S,B,TP_ARRAY,TP,6
2015-05-02T17:00:00,2015-05-02T21:00:00,uid://A002/X95bb93/X2,M74_c_06_TP,2012.1.00650.S,B,TP_ARRAY,TP,6
2015-05-03T08:00:00,2015-05-03T10:00:00,uid://A001/X147/X16f,2223-052_b_03_TE,2013.1.00428.S,C,TWELVE_M,C34-5,3
2015-05-03T09:00:00,2015-05-03T13:00:00,uid://A002/X9a055b/X81,SWBarN_230.45_b_06_TP,2013.1.00652.S,B,TP_ARRAY,TP,6
2015-05-03T10:00:00,2015-05-03T12:00:00,uid://A001/X147/X163,3C454.3_b_06_TE,2013.1.00428.S,C,TWELVE_M,C34-5,6
2015-05-03T18:00:00,2015-05-03T20:00:00,uid://A001/X144/X221,OIIB10_a_03_TE,2013.1.00966.S,C,TWELVE_M,C34-5,3
2015-05-04T09:00:00,2015-05-04T13:00:00,uid://A002/X9a055b/X81,SWBarN_230.45_b_06_TP,2013.1.00652.S,B,TP_ARRAY,TP,6
2015-05-04T13:00:00,2015-05-04T14:00:00,uid://A001/X147/X31c,Uranus_a_06_TP,2013.1.00546.S,B,TP_ARRAY,TP,6
2015-05-04T17:00:00,2015-05-04T19:00:00,uid://A001/X144/X221,OIIB10_a_03_TE,2013.1.00966.S,C,TWELVE_M,C34-5,3
2015-05-04T19:00:00,2015-05-04T21:00:00,uid://A001/X144/X221,OIIB10_a_03_TE,2013.1.00966.S,C,TWELVE_M,C34-5,3
2015-05-04T21:00:00,2015-05-04T23:00:00,uid://A001/X12f/X2ef,GM_Aur_a_07_TE,2013.1.01158.S,B,TWELVE_M,C34-5,7
2015-05-05T08:20:00,2015-05-05T10:20:00,uid://A001/X148/X2d,lp_876-1_a_07_TE,2013.1.00313.S,C,TWELVE_M,C34-5,7
2015-05-05T09:00:00,2015-05-05T13:00:00,uid://A002/X9a055b/X81,SWBarN_230.45_b_06_TP,2013.1.00652.S,B,TP_ARRAY,TP,6
2015-05-05T12:20:00,2015-05-05T13:00:00,uid://A001/X147/X1f4,Haro11_a_06_TE,2013.1.00350.S,C,TWELVE_M,C34-5,6
2015-05-12T20:00:00,2015-05-13T00:00:00,uid://A001/X147/X304,N55_a_03_TP,2013.1.00214.S,C,TP_ARRAY,TP,3
2015-05-13T08:00:00,2015-05-13T12:00:00,uid://A002/X9a055b/X81,SWBarN_230.45_b_06_TP,2013.1.00652.S,B,TP_ARRAY,TP,6
2015-05-14T08:00:00,2015-05-14T12:00:00,uid://A002/X9a055b/X81,SWBarN_230.45_b_06_TP,2013.1.00652.S,B,TP_ARRAY,TP,6
2015-05-14T20:00:00,2015-05-15T00:00:00,uid://A001/X147/X304,N55_a_03_TP,2013.1.00214.S,C,TP_ARRAY,TP,3
2015-05-15T08:00:00,2015-05-15T12:00:00,uid://A002/X9a055b/X81,SWBarN_230.45_b_06_TP,2013.1.00652.S,B,TP_ARRAY,TP,6
2015-05-16T08:20:00,2015-05-16T12:00:00,uid://A002/X9a055b/X81,SWBarN_230.45_b_06_TP,2013.1.00652.S,B,TP_ARRAY,TP,6
2015-05-17T08:20:00,2015-05-17T12:00:00,uid://A002/X9a055b/X85,SWDarkPK_230.42_d_06_TP,2013.1.00652.S,B,TP_ARRAY,TP,6
2015-05-17T20:00:00,2015-05-18T00:00:00,uid://A001/X147/X304,N55_a_03_TP,2013.1.00214.S,C,TP_ARRAY,TP,3
2015-05-18T08:00:00,2015-05-18T12:00:00,uid://A002/X9a055b/X85,SWDarkPK_230.42_d_06_TP,2013.1.00652.S,B,TP_ARRAY,TP,6
2015-05-18T20:00:00,2015-05-19T00:00:00,uid://A001/X147/X31d,OMC1_NW_a_06_TP,2013.1.00546.S,B,TP_ARRAY,TP,6
2015-05-19T08:00:00,2015-05-19T12:00:00,uid://A002/X9a055b/X85,SWDarkPK_230.42_d_06_TP,2013.1.00652.S,B,TP_ARRAY,TP,6
2015-05-20T08:00:00,2015-05-20T12:00:00,uid://A002/X9a055b/X85,SWDarkPK_230.42_d_06_TP,2013.1.00652.S,B,TP_ARRAY,TP,6
2015-05-21T08:00:00,2015-05-21T12:00:00,uid://A002/X9a055b/X85,SWDarkPK_230.42_d_06_TP,2013.1.00652.S,B,TP_ARRAY,TP,6
2015-05-24T20:00:00,2015-05-25T00:00:00,uid://A001/X147/X31f,OMC1_SE_a_06_TP,2013.1.00546.S,B,TP_ARRAY,TP,6
2015-05-25T20:00:00,2015-05-26T00:00:00,uid://A001/X147/X31f,OMC1_SE_a_06_TP,2013.1.00546.S,B,TP_ARRAY,TP,6
2015-05-26T19:00:00,2015-05-26T21:00:00,uid://A001/X12a/Xc,A5142_a_06_TE,2013.1.01037.S,B,TWELVE_M,C34-3,6
2015-05-26T21:00:00,2015-05-26T23:00:00,uid://A002/X5d7935/X23b,GW_Ori_a_06_12,2012.1.00496.S,B,TWELVE_M,C34-3,6
2015-05-26T23:00:00,2015-05-27T01:00:00,uid://A001/X146/X62,LMC_GMC2_a_03_TE,2013.1.01091.S,C,TWELVE_M,C34-3,3
2015-05-27T01:00:00,2015-05-27T03:00:00,uid://A001/X145/X346,HD95086_a_06_TE,2013.1.00773.S,B,TWELVE_M,C34-3,6
2015-05-27T03:00:00,2015-05-27T05:00:00,uid://A001/X145/X346,HD95086_a_06_TE,2013.1.00773.S,B,TWELVE_M,C34-3,6
2015-05-27T05:00:00,2015-05-27T07:00:00,uid://A001/X145/X346,HD95086_a_06_TE,2013.1.00773.S,B,TWELVE_M,C34-3,6
2015-05-27T09:00:00,2015-05-27T11:00:00,uid://A001/X147/X161,3C454.3_a_06_TE,2013.1.00428.S,C,TWELVE_M,C34-3,6
2015-05-27T17:00:00,2015-05-27T19:00:00,uid://A002/X5d7935/X23e,DQ_Tau_a_06_12,2012.1.00496.S,B,TWELVE_M,C34-3,6
2015-05-27T19:00:00,2015-05-27T21:00:00,uid://A002/X5d7935/X23d,UZ_Tau_a_06_12,2012.1.00496.S,B,TWELVE_M,C34-3,6
2015-05-27T21:00:00,2015-05-27T23:00:00,uid://A001/X144/Xfa,OH_231.8_a_07_TE,2013.1.00199.S,B,TWELVE_M,C34-3,7
2015-05-27T23:00:00,2015-05-28T01:00:00,uid://A001/X120/X7,HH46_a_08_TE,2013.1.01202.S,B,TWELVE_M,C34-3,8
2015-05-28T07:00:00,2015-05-28T09:00:00,uid://A001/X145/X2df,CFHT-NBJ_a_07_TE,2013.1.01239.S,B,TWELVE_M,C34-3,7
2015-05-28T15:00:00,2015-05-28T17:00:00,uid://A001/X12e/X1bf,CIDA_a_1_06_TE,2013.1.00163.S,B,TWELVE_M,C34-3,6
2015-05-28T17:00:00,2015-05-28T19:00:00,uid://A001/X12e/X1bf,CIDA_a_1_06_TE,2013.1.00163.S,B,TWELVE_M,C34-3,6
2015-05-28T19:00:00,2015-05-28T21:00:00,uid://A001/X148/X56,SXDF-B3-_a_03_TE,2013.1.00742.S,B,TWELVE_M,C34-3,3
2015-05-28T23:00:00,2015-05-29T01:00:00,uid://A001/X144/Xfa,OH_231.8_a_07_TE,2013.1.00199.S,B,TWELVE_M,C34-3,7
2015-05-29T05:40:00,2015-05-29T07:40:00,uid://A001/X146/X2f,Cosmic_E_a_07_TE,2013.1.00139.S,B,TWELVE_M,C34-3,7
2015-05-29T07:40:00,2015-05-29T09:40:00,uid://A001/X145/X2df,CFHT-NBJ_a_07_TE,2013.1.01239.S,B,TWELVE_M,C34-3,7
2015-05-29T09:40:00,2015-05-29T11:40:00,uid://A001/X145/X2df,CFHT-NBJ_a_07_TE,2013.1.01239.S,B,TWELVE_M,C34-3,7
2015-05-29T15:40:00,2015-05-29T17:40:00,uid://A001/X12e/X1bf,CIDA_a_1_06_TE,2013.1.00163.S,B,TWELVE_M,C34-3,6
2015-05-29T19:10:00,2015-05-29T21:10:00,uid://A001/X146/X64,LMC_N166_a_03_TE,2013.1.01091.S,C,TWELVE_M,C34-3,3
2015-05-30T05:50:00,2015-05-30T07:50:00,uid://A001/X148/X2d,lp_876-1_a_07_TE,2013.1.00313.S,C,TWELVE_M,C34-3,7
2015-05-30T07:50:00,2015-05-30T09:50:00,uid://A001/X147/X1f5,Haro11_b_06_TE,2013.1.00350.S,C,TWELVE_M,C34-3,6
2015-05-30T11:50:00,2015-05-30T13:50:00,uid://A002/X5d7935/X3c4,Multi-source_cont,2012.1.00979.S,B,TWELVE_M,C34-3,7
2015-05-30T15:50:00,2015-05-30T17:50:00,uid://A001/X148/X56,SXDF-B3-_a_03_TE,2013.1.00742.S,B,TWELVE_M,C34-3,3
2015-05-31T06:40:00,2015-05-31T08:40:00,uid://A001/X144/X111,LAB01_a_07_TE,2013.1.00704.S,B,TWELVE_M,C34-3,7
2015-05-31T10:40:00,2015-05-31T12:40:00,uid://A001/X147/X164,3C454.3_a_07_TE,2013.1.00428.S,C,TWELVE_M,C34-3,7
2015-05-31T18:40:00,2015-05-31T20:40:00,uid://A001/X148/X56,SXDF-B3-_a_03_TE,2013.1.00742.S,B,TWELVE_M,C34-3,3
2015-06-01T06:00:00,2015-06-01T08:00:00,uid://A001/X122/X4e0,SSA22-LA_a_07_TE,2013.1.00922.S,B,TWELVE_M,C34-3,7
2015-06-01T08:00:00,2015-06-01T10:00:00,uid://A001/X12f/X6a,Q2343-BX_a_07_TE,2013.1.00208.S,B,TWELVE_M,C34-3,7
2015-06-01T14:00:00,2015-06-01T16:00:00,uid://A001/X122/X3e6,dm_tau_a_07_TC,2013.1.00198.S,B,TWELVE_M,C34-3,7
2015-06-01T16:00:00,2015-06-01T18:00:00,uid://A001/X148/X56,SXDF-B3-_a_03_TE,2013.1.00742.S,B,TWELVE_M,C34-3,3
2015-06-01T18:00:00,2015-06-01T20:00:00,uid://A001/X13f/X37,HH212_a_07_TE,2013.1.01036.S,B,TWELVE_M,C34-3,7
2015-06-01T21:20:00,2015-06-01T23:20:00,uid://A001/X13f/X37,HH212_a_07_TE,2013.1.01036.S,B,TWELVE_M,C34-3,7
2015-06-02T09:20:00,2015-06-02T11:20:00,uid://A001/X148/X1,AzTEC1_c_08_TE,2013.1.00159.S,C,TWELVE_M,C34-3,8
2015-06-02T15:20:00,2015-06-02T16:50:00,uid://A002/X5d7935/X20f,NGC1377_b9,2012.1.00900.S,B,TWELVE_M,C34-3,9
2015-06-02T16:50:00,2015-06-02T18:50:00,uid://A001/X13f/X37,HH212_a_07_TE,2013.1.01036.S,B,TWELVE_M,C34-3,7
2015-06-03T06:10:00,2015-06-03T08:10:00,uid://A001/X146/X2c,Cosmic_E_a_08_TE,2013.1.00139.S,B,TWELVE_M,C34-3,8
2015-06-03T20:00:00,2015-06-04T00:00:00,uid://A001/X147/X304,N55_a_03_TP,2013.1.00214.S,C,TP_ARRAY,TP,3
2015-06-03T23:20:00,2015-06-04T01:20:00,uid://A001/X122/X557,ERO_0548_a_07_TE,2013.1.01295.S,B,TWELVE_M,C34-3,7
2015-06-05T08:50:00,2015-06-05T10:50:00,uid://A001/X11e/X7,Q2206-19_a_09_TE,2013.1.00526.S,A,TWELVE_M,C34-3,9
2015-06-05T19:00:00,2015-06-05T23:00:00,uid://A001/X147/X304,N55_a_03_TP,2013.1.00214.S,C,TP_ARRAY,TP,3
2015-06-05T21:00:00,2015-06-05T23:00:00,uid://A001/X144/Xfb,Red_Rect_a_07_TE,2013.1.00199.S,B,TWELVE_M,C34-3,7
2015-06-06T09:00:00,2015-06-06T11:00:00,uid://A001/X11e/X7,Q2206-19_a_09_TE,2013.1.00526.S,A,TWELVE_M,C34-3,9
2015-06-06T19:00:00,2015-06-06T23:00:00,uid://A001/X147/X304,N55_a_03_TP,2013.1.00214.S,C,TP_ARRAY,TP,3
2015-06-07T07:40:00,2015-06-07T09:40:00,uid://A001/X12f/X6b,Q2343-BX_b_07_TE,2013.1.00208.S,B,TWELVE_M,C34-3,7
2015-06-07T20:00:00,2015-06-08T00:00:00,uid://A001/X147/X304,N55_a_03_TP,2013.1.00214.S,C,TP_ARRAY,TP,3
2015-06-07T22:40:00,2015-06-08T00:40:00,uid://A001/X122/X556,IRAS_050_a_07_TE,2013.1.01295.S,B,TWELVE_M,C34-3,7
2015-06-08T07:20:00,2015-06-08T09:20:00,uid://A001/X145/X323,NGC253_a_07_TE,2013.1.00973.S,B,TWELVE_M,C34-3,7
2015-06-08T20:00:00,2015-06-09T00:00:00,uid://A001/X147/X304,N55_a_03_TP,2013.1.00214.S,C,TP_ARRAY,TP,3
2015-06-09T20:00:00,2015-06-10T00:00:00,uid://A001/X147/X31f,OMC1_SE_a_06_TP,2013.1.00546.S,B,TP_ARRAY,TP,6
2015-06-10T20:00:00,2015-06-11T00:00:00,uid://A001/X147/X304,N55_a_03_TP,2013.1.00214.S,C,TP_ARRAY,TP,3
2015-06-11T20:00:00,2015-06-12T00:00:00,uid://A001/X147/X304,N55_a_03_TP,2013.1.00214.S,C,TP_ARRAY,TP,3
2015-06-13T19:00:00,2015-06-13T23:00:00,uid://A001/X147/X31d,OMC1_NW_a_06_TP,2013.1.00546.S,B,TP_ARRAY,TP,6
2015-06-14T07:00:00,2015-06-14T11:00:00,uid://A001/X148/Xac,calibrator_uranus_07_TP,2013.1.01058.S,A,TP_ARRAY,TP,7
2015-06-14T07:40:00,2015-06-14T09:40:00,uid://A001/X121/X4f9,ID3_high_a_08_TE,2013.1.01052.S,A,TWELVE_M,C34-3,8
2015-06-16T06:40:00,2015-06-16T10:40:00,uid://A001/X147/X259,Uranus_a_06_TP,2013.1.00518.S,B,TP_ARRAY,TP,6
2015-06-16T10:40:00,2015-06-16T12:00:00,uid://A002/X996c88/X58,Uranus_a_06_TP,2012.1.00133.S,B,TP_ARRAY,TP,6
2015-07-07T21:40:00,2015-07-07T23:40:00,uid://A001/X145/X22e,hd_95086_a_06_TE,2013.1.00612.S,C,TWELVE_M,C34-2,6
2015-07-07T23:40:00,2015-07-08T01:40:00,uid://A001/X145/X22e,hd_95086_a_06_TE,2013.1.00612.S,C,TWELVE_M,C34-2,6
2015-07-08T01:40:00,2015-07-08T03:40:00,uid://A001/X145/X22e,hd_95086_a_06_TE,2013.1.00612.S,C,TWELVE_M,C34-2,6
2015-07-08T06:20:00,2015-07-08T08:20:00,uid://A001/X147/X1df,vMa2_a_06_TE,2013.1.01214.S,C,TWELVE_M,C34-2,6
2015-07-08T14:20:00,2015-07-08T16:20:00,uid://A001/X144/X105,MMS1_a_07_TE,2013.1.00231.S,B,TWELVE_M,C34-2,7
2015-07-08T18:20:00,2015-07-08T20:20:00,uid://A001/X145/X22e,hd_95086_a_06_TE,2013.1.00612.S,C,TWELVE_M,C34-2,6
2015-07-08T21:40:00,2015-07-08T23:40:00,uid://A001/X145/X22e,hd_95086_a_06_TE,2013.1.00612.S,C,TWELVE_M,C34-2,6
2015-07-08T23:40:00,2015-07-09T01:40:00,uid://A001/X145/X22e,hd_95086_a_06_TE,2013.1.00612.S,C,TWELVE_M,C34-2,6
2015-07-09T05:40:00,2015-07-09T07:40:00,uid://A001/X145/X324,NGC253_b_07_TE,2013.1.00973.S,B,TWELVE_M,C34-2,7
2015-07-09T07:40:00,2015-07-09T09:40:00,uid://A001/X147/X1df,vMa2_a_06_TE,2013.1.01214.S,C,TWELVE_M,C34-2,6
2015-07-09T13:40:00,2015-07-09T15:40:00,uid://A001/X144/X105,MMS1_a_07_TE,2013.1.00231.S,B,TWELVE_M,C34-2,7
2015-07-09T17:40:00,2015-07-09T19:40:00,uid://A001/X12f/X30a,NGC1365_a_06_TE,2013.1.01161.S,B,TWELVE_M,C34-2,6
2015-07-10T06:20:00,2015-07-10T08:20:00,uid://A001/X147/X1df,vMa2_a_06_TE,2013.1.01214.S,C,TWELVE_M,C34-2,6
2015-07-10T08:20:00,2015-07-10T10:20:00,uid://A001/X13e/X18c,49_Ceti_a_08_TE,2013.1.00112.S,B,TWELVE_M,C34-2,8
2015-07-10T16:20:00,2015-07-10T18:20:00,uid://A001/X144/X105,MMS1_a_07_TE,2013.1.00231.S,B,TWELVE_M,C34-2,7
2015-07-11T06:20:00,2015-07-11T08:20:00,uid://A001/X147/X1df,vMa2_a_06_TE,2013.1.01214.S,C,TWELVE_M,C34-2,6
2015-07-11T14:20:00,2015-07-11T16:20:00,uid://A001/X146/X2b,CDFS_126_a_08_TE,2013.1.00139.S,B,TWELVE_M,C34-2,8
2015-07-13T15:40:00,2015-07-13T17:40:00,uid://A001/X144/X43,ERO05293_a_07_TE,2013.1.00319.S,B,TWELVE_M,C34-2,7
2015-07-13T19:00:00,2015-07-13T21:00:00,uid://A001/X144/X43,ERO05293_a_07_TE,2013.1.00319.S,B,TWELVE_M,C34-2,7
2015-07-15T15:40:00,2015-07-15T17:40:00,uid://A001/X12a/X5,SPT0346-_a_08_TE,2013.1.00907.S,A,TWELVE_M,C34-2,8
2015-07-16T08:20:00,2015-07-16T10:20:00,uid://A001/X132/X1f,NGC1068_a_03_TE,2013.1.00060.S,B,TWELVE_M,C34-2,3
2015-07-16T10:20:00,2015-07-16T12:20:00,uid://A001/X144/X117,NGC_1068_a_08_TE,2013.1.00727.S,B,TWELVE_M,C34-2,8
2015-07-16T14:20:00,2015-07-16T16:20:00,uid://A001/X122/X41f,GS_AGN24_a_07_TE,2013.1.00884.S,B,TWELVE_M,C34-2,7
2015-07-17T13:00:00,2015-07-17T15:00:00,uid://A001/X122/X3e5,dm_tau_a_07_TE,2013.1.00198.S,B,TWELVE_M,C34-2,7
2015-07-17T15:00:00,2015-07-17T17:00:00,uid://A001/X122/X3e3,DM_Tau_a_06_TE,2013.1.00198.S,B,TWELVE_M,C34-2,6
2015-07-18T10:20:00,2015-07-18T12:20:00,uid://A001/X122/X535,B0218+35_a_07_TE,2013.1.00296.S,B,TWELVE_M,C34-2,7
2015-07-18T12:20:00,2015-07-18T14:20:00,uid://A001/X144/X117,NGC_1068_a_08_TE,2013.1.00727.S,B,TWELVE_M,C34-2,8
2015-07-19T10:20:00,2015-07-19T12:20:00,uid://A001/X144/X117,NGC_1068_a_08_TE,2013.1.00727.S,B,TWELVE_M,C34-2,8
2015-07-19T13:40:00,2015-07-19T15:40:00,uid://A001/X122/X535,B0218+35_a_07_TE,2013.1.00296.S,B,TWELVE_M,C34-2,7
2015-07-20T07:40:00,2015-07-20T09:40:00,uid://A001/X121/X4f9,ID3_high_a_08_TE,2013.1.01052.S,A,TWELVE_M,C34-2,8
2015-07-20T11:00:00,2015-07-20T13:00:00,uid://A001/X144/X117,NGC_1068_a_08_TE,2013.1.00727.S,B,TWELVE_M,C34-2,8
2015-07-20T14:20:00,2015-07-20T15:50:00,uid://A002/X5a9a13/X227,J0451_630_12m_C32-1234,2012.1.00219.S,B,TWELVE_M,C34-2,9
2015-07-21T05:10:00,2015-07-21T07:10:00,uid://A001/X121/X4f9,ID3_high_a_08_TE,2013.1.01052.S,A,TWELVE_M,C34-2,8
2015-07-21T11:10:00,2015-07-21T13:10:00,uid://A001/X122/X535,B0218+35_a_07_TE,2013.1.00296.S,B,TWELVE_M,C34-2,7
2015-07-23T09:20:00,2015-07-23T11:20:00,uid://A001/X144/X117,NGC_1068_a_08_TE,2013.1.00727.S,B,TWELVE_M,C34-2,8
2015-07-30T12:40:00,2015-07-30T14:10:00,uid://A002/X5a9a13/X227,J0451_630_12m_C32-1234,2012.1.00219.S,B,TWELVE_M,C34-2,9
2015-07-31T11:30:00,2015-07-31T13:00:00,uid://A002/X5a9a13/X227,J0451_630_12m_C32-1234,2012.1.00219.S,B,TWELVE_M,C34-2,9
2015-08-01T10:20:00,2015-08-01T11:50:00,uid://A002/X5a9a13/X227,J0451_630_12m_C32-1234,2012.1.00219.S,B,TWELVE_M,C34-2,9
2015-08-04T19:00:00,2015-08-04T21:00:00,uid://A001/X12a/X277,30_dorad_a_06_TE,2013.1.00346.S,B,TWELVE_M,C34-6,6
2015-08-04T21:00:00,2015-08-04T22:30:00,uid://A002/X5a9a13/X6f4,Supernova_ToO_upon_a_discovery-band3,2012.1.00584.T,B,TWELVE_M,C34-6,3
2015-08-04T23:50:00,2015-08-05T01:50:00,uid://A002/X609170/X166,AU_Mic_230_12m_C32-6,2012.1.00198.S,B,TWELVE_M,C34-6,6
2015-08-05T06:40:00,2015-08-05T10:40:00,uid://A002/X996c88/X60,Uranus_a_06_TP,2013.1.00832.S,B,TP_ARRAY,TP,6
2015-08-05T10:50:00,2015-08-05T12:00:00,uid://A002/X7fb989/X43,SXDF_MultiSource_Band7_Cont,2012.1.00245.S,B,TWELVE_M,C34-6,7
2015-08-06T02:00:00,2015-08-06T04:00:00,uid://A001/X135/X19,hd_18132_a_07_TE,2013.1.00025.S,B,TWELVE_M,C34-6,7
2015-08-06T04:00:00,2015-08-06T08:00:00,uid://A002/X996c88/X17,Uranus_a_06_TP,2013.1.00957.S,C,TP_ARRAY,TP,6
2015-08-06T05:30:00,2015-08-06T07:00:00,uid://A002/X7fb989/X48,IIZw96_332GHz_12m_C32-6,2012.1.01022.S,B,TWELVE_M,C34-6,7
2015-08-06T08:30:00,2015-08-06T10:00:00,uid://A002/X7fb989/X3,NGC_1097_Band7,2012.1.00187.S,B,TWELVE_M,C34-6,7
2015-08-06T10:00:00,2015-08-06T11:30:00,uid://A002/X7fb989/X3,NGC_1097_Band7,2012.1.00187.S,B,TWELVE_M,C34-6,7
2015-08-06T11:30:00,2015-08-06T12:00:00,uid://A001/X144/X22c,L1448C_N_a_07_TE,2013.1.00256.S,C,TWELVE_M,C34-6,7
2015-08-07T02:50:00,2015-08-07T04:20:00,uid://A002/X6b0cc1/X134,4C23.56_B3,2012.1.00242.S,B,TWELVE_M,C34-6,3
2015-08-07T04:20:00,2015-08-07T06:20:00,uid://A002/X7f285c/X22,Multi-source,2012.1.00623.S,B,TWELVE_M,C34-6,7
2015-08-07T06:20:00,2015-08-07T08:20:00,uid://A002/X7f285c/X22,Multi-source,2012.1.00623.S,B,TWELVE_M,C34-6,7
2015-08-07T08:00:00,2015-08-07T12:00:00,uid://A002/X95bb93/X2,M74_c_06_TP,2012.1.00650.S,B,TP_ARRAY,TP,6
2015-08-07T08:20:00,2015-08-07T10:20:00,uid://A001/X122/X317,HELMS59_a_08_TE,2013.1.00749.S,B,TWELVE_M,C34-6,8
2015-08-07T10:20:00,2015-08-07T12:00:00,uid://A001/X12b/X22c,NGC_1068_a_07_TE,2013.1.00014.S,B,TWELVE_M,C34-6,7
2015-08-08T01:40:00,2015-08-08T03:10:00,uid://A002/X6b0cc1/X134,4C23.56_B3,2012.1.00242.S,B,TWELVE_M,C34-6,3
2015-08-08T03:10:00,2015-08-08T04:40:00,uid://A002/X6b0cc1/X134,4C23.56_B3,2012.1.00242.S,B,TWELVE_M,C34-6,3
2015-08-08T06:10:00,2015-08-08T08:10:00,uid://A002/X684eb5/X279,R_Scl_b_07_12,2012.1.00097.S,B,TWELVE_M,C34-6,7
2015-08-08T07:00:00,2015-08-08T11:00:00,uid://A002/X9a055b/X7e,Uranus_230.45_a_06_TP,2013.1.00652.S,B,TP_ARRAY,TP,6
2015-08-08T08:10:00,2015-08-08T10:10:00,uid://A001/X13b/X17f,ALMA-NB2_a_07_TE,2013.1.00566.S,B,TWELVE_M,C34-6,7
2015-08-08T10:10:00,2015-08-08T12:00:00,uid://A001/X122/X31c,XMM06_a_08_TE,2013.1.00749.S,B,TWELVE_M,C34-6,8
2015-08-09T01:40:00,2015-08-09T03:10:00,uid://A002/X628157/X65,T_Cha_345_12m_C32-6,2012.1.00182.S,B,TWELVE_M,C34-6,7
2015-08-09T03:10:00,2015-08-09T04:40:00,uid://A002/X6b0cc1/X134,4C23.56_B3,2012.1.00242.S,B,TWELVE_M,C34-6,3
2015-08-09T04:40:00,2015-08-09T06:40:00,uid://A001/X12f/X23f,HCG92_a_06_TE,2013.1.00186.S,B,TWELVE_M,C34-6,6
2015-08-09T10:10:00,2015-08-09T12:00:00,uid://A002/X7d1738/X112,himiko,2012.1.00033.S,B,TWELVE_M,C34-6,6
2015-08-10T01:20:00,2015-08-10T02:50:00,uid://A002/X6b0cc1/X134,4C23.56_B3,2012.1.00242.S,B,TWELVE_M,C34-6,3
2015-08-10T02:50:00,2015-08-10T04:50:00,uid://A002/X609170/X158,Cosmic_Eye_85_12m_C32-6,2012.1.00008.S,B,TWELVE_M,C34-6,3
2015-08-10T04:00:00,2015-08-10T08:00:00,uid://A002/X9a055b/X84,Uranus_230.42_d_06_TP,2013.1.00652.S,B,TP_ARRAY,TP,6
2015-08-10T04:50:00,2015-08-10T06:50:00,uid://A001/X12f/X23f,HCG92_a_06_TE,2013.1.00186.S,B,TWELVE_M,C34-6,6
2015-08-10T08:00:00,2015-08-10T12:00:00,uid://A002/X95bb93/X2,M74_c_06_TP,2012.1.00650.S,B,TP_ARRAY,TP,6
2015-08-10T10:50:00,2015-08-10T12:00:00,uid://A001/X148/X50,L1448C_N_b_07_TE,2013.1.00256.S,C,TWELVE_M,C34-6,7
2015-08-11T01:20:00,2015-08-11T03:20:00,uid://A002/X609170/X158,Cosmic_Eye_85_12m_C32-6,2012.1.00008.S,B,TWELVE_M,C34-6,3
2015-08-11T03:20:00,2015-08-11T05:20:00,uid://A002/X609170/X158,Cosmic_Eye_85_12m_C32-6,2012.1.00008.S,B,TWELVE_M,C34-6,3
2015-08-11T05:20:00,2015-08-11T07:20:00,uid://A002/X7d1738/X112,himiko,2012.1.00033.S,B,TWELVE_M,C34-6,6
2015-08-11T07:20:00,2015-08-11T09:20:00,uid://A002/X7d1738/X112,himiko,2012.1.00033.S,B,TWELVE_M,C34-6,6
2015-08-11T09:20:00,2015-08-11T11:20:00,uid://A001/X13b/X17f,ALMA-NB2_a_07_TE,2013.1.00566.S,B,TWELVE_M,C34-6,7
2015-08-12T01:20:00,2015-08-12T03:20:00,uid://A001/X145/X6e,3C446_a_03_TE,2013.1.01223.S,C,TWELVE_M,C34-6,3
2015-08-12T03:20:00,2015-08-12T05:20:00,uid://A002/X6444ba/X178,NGC7469_Band3,2012.1.00165.S,B,TWELVE_M,C34-6,3
2015-08-12T05:20:00,2015-08-12T07:20:00,uid://A002/X7d1738/X112,himiko,2012.1.00033.S,B,TWELVE_M,C34-6,6
2015-08-12T07:20:00,2015-08-12T09:20:00,uid://A002/X7d1738/X112,himiko,2012.1.00033.S,B,TWELVE_M,C34-6,6
2015-08-12T09:20:00,2015-08-12T11:20:00,uid://A002/X7d1738/X100,LESS_344GHz_12m_C32-6,2012.1.00307.S,B,TWELVE_M,C34-6,7
2015-08-12T11:20:00,2015-08-12T12:00:00,uid://A002/X628157/X4f,IRAS_04368+2557_260GHz_12m_C32-6,2012.1.00193.S,B,TWELVE_M,C34-6,6
2015-08-13T02:40:00,2015-08-13T04:40:00,uid://A002/X6444ba/X178,NGC7469_Band3,2012.1.00165.S,B,TWELVE_M,C34-6,3
2015-08-13T04:40:00,2015-08-13T06:40:00,uid://A001/X122/X4bd,NGC7469_a_03_TE,2013.1.00218.S,B,TWELVE_M,C34-6,3
2015-08-13T06:40:00,2015-08-13T08:40:00,uid://A002/X7d1738/X112,himiko,2012.1.00033.S,B,TWELVE_M,C34-6,6
2015-08-13T08:40:00,2015-08-13T10:40:00,uid://A002/X7d1738/X112,himiko,2012.1.00033.S,B,TWELVE_M,C34-6,6
2015-08-13T10:40:00,2015-08-13T12:00:00,uid://A001/X148/X50,L1448C_N_b_07_TE,2013.1.00256.S,C,TWELVE_M,C34-6,7
2015-08-13T10:40:00,2015-08-13T12:00:00,uid://A001/X148/Xa0,L1544_a_06_TP,2013.1.01195.S,B,TP_ARRAY,TP,6
2015-08-14T02:40:00,2015-08-14T04:40:00,uid://A001/X122/X4bd,NGC7469_a_03_TE,2013.1.00218.S,B,TWELVE_M,C34-6,3
2015-08-14T02:40:00,2015-08-14T06:40:00,uid://A002/X9a055b/X82,Uranus_230.45_c_06_TP,2013.1.00652.S,B,TP_ARRAY,TP,6
2015-08-14T04:40:00,2015-08-14T06:40:00,uid://A001/X122/X4be,NGC7469_b_03_TE,2013.1.00218.S,B,TWELVE_M,C34-6,3
2015-08-14T08:40:00,2015-08-14T10:40:00,uid://A002/X7d1738/X100,LESS_344GHz_12m_C32-6,2012.1.00307.S,B,TWELVE_M,C34-6,7
2015-08-14T10:40:00,2015-08-14T12:00:00,uid://A001/X13c/X47,FZ_Tau_a_07_TE,2013.1.00426.S,A,TWELVE_M,C34-6,7
2015-08-15T03:00:00,2015-08-15T05:00:00,uid://A001/X122/X4be,NGC7469_b_03_TE,2013.1.00218.S,B,TWELVE_M,C34-6,3
2015-08-15T03:00:00,2015-08-15T07:00:00,uid://A002/X9a055b/X80,Uranus_230.45_b_06_TP,2013.1.00652.S,B,TP_ARRAY,TP,6
2015-08-15T05:00:00,2015-08-15T07:00:00,uid://A001/X122/X4bf,NGC7469_c_03_TE,2013.1.00218.S,B,TWELVE_M,C34-6,3
2015-08-15T09:00:00,2015-08-15T11:00:00,uid://A001/X12a/X277,30_dorad_a_06_TE,2013.1.00346.S,B,TWELVE_M,C34-6,6
2015-08-15T11:00:00,2015-08-15T12:00:00,uid://A001/X13a/Xd0,2MASS_J0_a_06_TE,2013.1.00793.S,B,TWELVE_M,C34-6,6
2015-08-15T11:00:00,2015-08-15T12:00:00,uid://A001/X148/Xa0,L1544_a_06_TP,2013.1.01195.S,B,TP_ARRAY,TP,6
2015-08-16T03:00:00,2015-08-16T05:00:00,uid://A001/X122/X4bf,NGC7469_c_03_TE,2013.1.00218.S,B,TWELVE_M,C34-6,3
2015-08-16T07:00:00,2015-08-16T09:00:00,uid://A002/X7d1738/X100,LESS_344GHz_12m_C32-6,2012.1.00307.S,B,TWELVE_M,C34-6,7
2015-08-16T09:00:00,2015-08-16T11:00:00,uid://A002/X7d1738/X100,LESS_344GHz_12m_C32-6,2012.1.00307.S,B,TWELVE_M,C34-6,7
2015-08-16T11:00:00,2015-08-16T12:00:00,uid://A002/X628157/X4f,IRAS_04368+2557_260GHz_12m_C32-6,2012.1.00193.S,B,TWELVE_M,C34-6,6
2015-08-16T11:00:00,2015-08-16T12:00:00,uid://A001/X148/Xa0,L1544_a_06_TP,2013.1.01195.S,B,TP_ARRAY,TP,6
2015-08-17T02:40:00,2015-08-17T04:40:00,uid://A001/X147/X162,3C454.3_b_03_TE,2013.1.00428.S,C,TWELVE_M,C34-6,3
2015-08-17T04:40:00,2015-08-17T06:10:00,uid://A002/X5a279f/X1,Io_345GHz_12m_C32-56,2012.1.00853.S,B,TWELVE_M,C34-6,7
2015-08-17T08:10:00,2015-08-17T10:10:00,uid://A001/X122/X31b,XMM03_a_08_TE,2013.1.00749.S,B,TWELVE_M,C34-6,8
2015-08-17T10:10:00,2015-08-17T12:00:00,uid://A002/X628157/X4f,IRAS_04368+2557_260GHz_12m_C32-6,2012.1.00193.S,B,TWELVE_M,C34-6,6
2015-08-17T10:40:00,2015-08-17T12:00:00,uid://A001/X148/Xa0,L1544_a_06_TP,2013.1.01195.S,B,TP_ARRAY,TP,6
2015-08-18T02:40:00,2015-08-18T06:40:00,uid://A001/X147/X354,Uranus_a_06_TP,2013.1.01066.S,C,TP_ARRAY,TP,6
2015-08-18T02:40:00,2015-08-18T04:40:00,uid://A001/X147/X1f3,Haro11_a_03_TE,2013.1.00350.S,C,TWELVE_M,C34-6,3
2015-08-18T06:40:00,2015-08-18T08:40:00,uid://A001/X12a/X277,30_dorad_a_06_TE,2013.1.00346.S,B,TWELVE_M,C34-6,6
2015-08-18T08:40:00,2015-08-18T10:40:00,uid://A001/X12a/X277,30_dorad_a_06_TE,2013.1.00346.S,B,TWELVE_M,C34-6,6
2015-08-18T10:40:00,2015-08-18T12:00:00,uid://A001/X13b/X194,AA_Tau_b_07_TE,2013.1.01070.S,B,TWELVE_M,C34-6,7
2015-08-18T10:40:00,2015-08-18T12:00:00,uid://A001/X148/Xa0,L1544_a_06_TP,2013.1.01195.S,B,TP_ARRAY,TP,6
2015-08-26T02:40:00,2015-08-26T04:10:00,uid://A002/X5a279f/X1,Io_345GHz_12m_C32-56,2012.1.00853.S,B,TWELVE_M,C34-6,7
2015-08-26T04:10:00,2015-08-26T06:10:00,uid://A001/X144/X220,OIIB1_a_03_TE,2013.1.00966.S,C,TWELVE_M,C34-6,3
2015-08-26T06:10:00,2015-08-26T08:10:00,uid://A001/X12a/X277,30_dorad_a_06_TE,2013.1.00346.S,B,TWELVE_M,C34-6,6
2015-08-26T08:10:00,2015-08-26T10:10:00,uid://A001/X12a/X277,30_dorad_a_06_TE,2013.1.00346.S,B,TWELVE_M,C34-6,6
2015-08-26T10:10:00,2015-08-26T12:00:00,uid://A001/X137/X4,Orion_So_b_08_TE,2013.1.00048.S,A,TWELVE_M,C34-6,8
2015-08-26T10:40:00,2015-08-26T12:00:00,uid://A001/X148/Xa0,L1544_a_06_TP,2013.1.01195.S,B,TP_ARRAY,TP,6
2015-08-27T04:00:00,2015-08-27T06:00:00,uid://A001/X144/X220,OIIB1_a_03_TE,2013.1.00966.S,C,TWELVE_M,C34-6,3
2015-08-27T06:00:00,2015-08-27T08:00:00,uid://A001/X12a/X277,30_dorad_a_06_TE,2013.1.00346.S,B,TWELVE_M,C34-6,6
2015-08-27T08:00:00,2015-08-27T10:00:00,uid://A001/X13b/X192,AA_Tau_a_06_TE,2013.1.01070.S,B,TWELVE_M,C34-6,6
2015-08-27T10:40:00,2015-08-27T12:00:00,uid://A001/X148/Xa0,L1544_a_06_TP,2013.1.01195.S,B,TP_ARRAY,TP,6
2015-08-28T04:00:00,2015-08-28T06:00:00,uid://A001/X144/X220,OIIB1_a_03_TE,2013.1.00966.S,C,TWELVE_M,C34-6,3
2015-08-28T06:00:00,2015-08-28T08:00:00,uid://A001/X121/X379,NGC1068_a_04_TE,2013.1.00221.S,B,TWELVE_M,C34-6,4
2015-08-28T06:40:00,2015-08-28T10:40:00,uid://A002/X95bb93/X2,M74_c_06_TP,2012.1.00650.S,B,TP_ARRAY,TP,6
2015-08-28T08:00:00,2015-08-28T10:00:00,uid://A001/X139/X27,NGC1333__a_07_TC,2013.1.00736.S,B,TWELVE_M,C34-6,7
2015-08-28T10:00:00,2015-08-28T12:00:00,uid://A002/X7d1738/Xd,OrionKL-SV,2012.1.00146.S,B,TWELVE_M,C34-6,6
2015-08-28T10:40:00,2015-08-28T12:00:00,uid://A001/X148/Xa0,L1544_a_06_TP,2013.1.01195.S,B,TP_ARRAY,TP,6
2015-08-28T10:40:00,2015-08-28T12:00:00,uid://A001/X12f/X28e,Isolated_b_08_7M,2013.1.00287.S,B,SEVEN_M,7m,8
2015-08-29T06:20:00,2015-08-29T08:20:00,uid://A001/X145/X71,SMM_J030_a_03_TE,2013.1.01223.S,C,TWELVE_M,C34-6,3
2015-08-29T08:20:00,2015-08-29T10:20:00,uid://A001/X13c/X48,FZ_Tau_a_06_TE,2013.1.00426.S,A,TWELVE_M,C34-6,6
2015-08-29T09:40:00,2015-08-29T12:00:00,uid://A001/X148/Xa0,L1544_a_06_TP,2013.1.01195.S,B,TP_ARRAY,TP,6
2015-08-29T10:20:00,2015-08-29T12:00:00,uid://A002/X628157/X49,orion_kl_345GHz_12m_C32-6,2012.1.00021.S,B,TWELVE_M,C34-6,7
2015-08-30T04:20:00,2015-08-30T06:20:00,uid://A001/X145/X166,NGC1068_a_07_TE,2013.1.00490.S,C,TWELVE_M,C34-6,7
2015-08-30T06:20:00,2015-08-30T08:20:00,uid://A001/X145/X71,SMM_J030_a_03_TE,2013.1.01223.S,C,TWELVE_M,C34-6,3
2015-08-30T08:20:00,2015-08-30T10:20:00,uid://A001/X13a/Xcf,2MASS_J0_a_07_TE,2013.1.00793.S,B,TWELVE_M,C34-6,7
2015-08-30T09:40:00,2015-08-30T12:00:00,uid://A001/X148/Xa0,L1544_a_06_TP,2013.1.01195.S,B,TP_ARRAY,TP,6
2015-08-30T10:20:00,2015-08-30T12:00:00,uid://A002/X628157/X49,orion_kl_345GHz_12m_C32-6,2012.1.00021.S,B,TWELVE_M,C34-6,7
2015-08-31T06:00:00,2015-08-31T08:00:00,uid://A001/X122/X4a6,NGC_1614_a_03_TE,2013.1.00991.S,B,TWELVE_M,C34-6,3
2015-08-31T06:40:00,2015-08-31T10:40:00,uid://A002/X95bb93/X2,M74_c_06_TP,2012.1.00650.S,B,TP_ARRAY,TP,6
2015-08-31T08:00:00,2015-08-31T10:00:00,uid://A001/X13c/X48,FZ_Tau_a_06_TE,2013.1.00426.S,A,TWELVE_M,C34-6,6
2015-08-31T10:40:00,2015-08-31T12:00:00,uid://A001/X148/Xa0,L1544_a_06_TP,2013.1.01195.S,B,TP_ARRAY,TP,6
2015-08-31T12:00:00,2015-08-31T12:00:00,uid://A001/X12f/X290,Isolated_c_08_7M,2013.1.00287.S,B,SEVEN_M,7m,8
2015-09-01T08:00:00,2015-09-01T10:00:00,uid://A001/X13b/X19,B1-bS_a_06_TE,2013.1.00854.S,B,TWELVE_M,C34-6,6
2015-09-01T09:20:00,2015-09-01T12:00:00,uid://A002/X95bb93/X2,M74_c_06_TP,2012.1.00650.S,B,TP_ARRAY,TP,6
2015-09-01T10:00:00,2015-09-01T12:00:00,uid://A002/X628157/X49,orion_kl_345GHz_12m_C32-6,2012.1.00021.S,B,TWELVE_M,C34-6,7
2015-09-02T09:20:00,2015-09-02T12:00:00,uid://A001/X148/Xa0,L1544_a_06_TP,2013.1.01195.S,B,TP_ARRAY,TP,6
2015-09-03T05:20:00,2015-09-03T09:20:00,uid://A002/X95bb93/X2,M74_c_06_TP,2012.1.00650.S,B,TP_ARRAY,TP,6
2015-09-03T09:20:00,2015-09-03T12:00:00,uid://A001/X148/Xa0,L1544_a_06_TP,2013.1.01195.S,B,TP_ARRAY,TP,6
2015-09-04T05:20:00,2015-09-04T09:20:00,uid://A002/X95bb93/X2,M74_c_06_TP,2012.1.00650.S,B,TP_ARRAY,TP,6
2015-09-04T09:20:00,2015-09-04T12:00:00,uid://A001/X148/Xa0,L1544_a_06_TP,2013.1.01195.S,B,TP_ARRAY,TP,6
2015-09-05T05:40:00,2015-09-05T09:40:00,uid://A002/X95bb93/X2,M74_c_06_TP,2012.1.00650.S,B,TP_ARRAY,TP,6
2015-09-05T09:40:00,2015-09-05T12:00:00,uid://A001/X148/Xa0,L1544_a_06_TP,2013.1.01195.S,B,TP_ARRAY,TP,6
2015-09-06T05:40:00,2015-09-06T09:40:00,uid://A002/X95bb93/X2,M74_c_06_TP,2012.1.00650.S,B,TP_ARRAY,TP,6
2015-09-06T09:40:00,2015-09-06T12:00:00,uid://A001/X148/Xa0,L1544_a_06_TP,2013.1.01195.S,B,TP_ARRAY,TP,6
2015-09-07T05:20:00,2015-09-07T09:20:00,uid://A002/X95bb93/X2,M74_c_06_TP,2012.1.00650.S,B,TP_ARRAY,TP,6
2015-09-07T09:20:00,2015-09-07T12:00:00,uid://A001/X148/Xa0,L1544_a_06_TP,2013.1.01195.S,B,TP_ARRAY,TP,6
2015-09-08T05:20:00,2015-09-08T09:20:00,uid://A002/X95bb93/X2,M74_c_06_TP,2012.1.00650.S,B,TP_ARRAY,TP,6
2015-09-08T09:20:00,2015-09-08T12:00:00,uid://A001/X148/Xa0,L1544_a_06_TP,2013.1.01195.S,B,TP_ARRAY,TP,6
2015-09-10T03:10:00,2015-09-10T05:10:00,uid://A001/X148/X56,SXDF-B3-_a_03_TE,2013.1.00742.S,B,TWELVE_M,C34-4,3
2015-09-10T05:10:00,2015-09-10T07:10:00,uid://A001/X145/X166,NGC1068_a_07_TE,2013.1.00490.S,C,TWELVE_M,C34-4,7
2015-09-10T07:10:00,2015-09-10T09:10:00,uid://A001/X145/X166,NGC1068_a_07_TE,2013.1.00490.S,C,TWELVE_M,C34-4,7
2015-09-10T09:10:00,2015-09-10T10:40:00,uid://A002/X6444ba/X40,BP_Tau,2012.1.00321.S,B,TWELVE_M,C34-4,7
2015-09-10T10:40:00,2015-09-10T12:10:00,uid://A002/X6444ba/X3f,Multi-source,2012.1.00321.S,B,TWELVE_M,C34-4,7
2015-09-10T12:10:00,2015-09-10T14:10:00,uid://A002/X5d7935/X27e,ngc2110_228_12m_C32-5,2012.1.00474.S,B,TWELVE_M,C34-4,6
2015-09-11T03:00:00,2015-09-11T05:00:00,uid://A001/X148/X56,SXDF-B3-_a_03_TE,2013.1.00742.S,B,TWELVE_M,C34-4,3
2015-09-11T05:00:00,2015-09-11T06:30:00,uid://A002/X5d50dc/X16,2A0335_111_12m_C32-5,2012.1.00837.S,B,TWELVE_M,C34-4,3
2015-09-11T09:30:00,2015-09-11T11:30:00,uid://A001/X121/X38d,L1527-mm_a_07_TE,2013.1.00116.S,B,TWELVE_M,C34-4,7
2015-09-11T11:30:00,2015-09-11T13:30:00,uid://A001/X121/X38d,L1527-mm_a_07_TE,2013.1.00116.S,B,TWELVE_M,C34-4,7
2015-09-12T03:30:00,2015-09-12T05:30:00,uid://A001/X148/X56,SXDF-B3-_a_03_TE,2013.1.00742.S,B,TWELVE_M,C34-4,3
2015-09-12T05:30:00,2015-09-12T07:30:00,uid://A001/X148/X56,SXDF-B3-_a_03_TE,2013.1.00742.S,B,TWELVE_M,C34-4,3
2015-09-12T07:30:00,2015-09-12T09:30:00,uid://A001/X148/X56,SXDF-B3-_a_03_TE,2013.1.00742.S,B,TWELVE_M,C34-4,3
2015-09-12T09:30:00,2015-09-12T11:30:00,uid://A001/X145/Xab,BN-54603_a_03_TE,2013.1.00187.S,C,TWELVE_M,C34-4,3
2015-09-12T11:30:00,2015-09-12T13:30:00,uid://A001/X145/Xab,BN-54603_a_03_TE,2013.1.00187.S,C,TWELVE_M,C34-4,3
2015-09-12T15:00:00,2015-09-12T17:00:00,uid://A001/X145/Xab,BN-54603_a_03_TE,2013.1.00187.S,C,TWELVE_M,C34-4,3
2015-09-13T03:40:00,2015-09-13T05:40:00,uid://A001/X148/X56,SXDF-B3-_a_03_TE,2013.1.00742.S,B,TWELVE_M,C34-4,3
2015-09-13T05:40:00,2015-09-13T07:40:00,uid://A001/X148/X56,SXDF-B3-_a_03_TE,2013.1.00742.S,B,TWELVE_M,C34-4,3
2015-09-13T12:40:00,2015-09-13T14:40:00,uid://A001/X144/Xfb,Red_Rect_a_07_TE,2013.1.00199.S,B,TWELVE_M,C34-4,7
2015-09-13T14:40:00,2015-09-13T16:40:00,uid://A001/X145/Xab,BN-54603_a_03_TE,2013.1.00187.S,C,TWELVE_M,C34-4,3
2015-09-14T03:20:00,2015-09-14T05:20:00,uid://A001/X148/X56,SXDF-B3-_a_03_TE,2013.1.00742.S,B,TWELVE_M,C34-4,3
2015-09-14T05:20:00,2015-09-14T07:20:00,uid://A001/X146/X7f,SBS0335-_a_09_TE,2013.1.00380.S,B,TWELVE_M,C34-4,9
2015-09-14T07:20:00,2015-09-14T09:20:00,uid://A001/X148/X56,SXDF-B3-_a_03_TE,2013.1.00742.S,B,TWELVE_M,C34-4,3
2015-09-14T09:20:00,2015-09-14T11:20:00,uid://A001/X13f/Xd0,sigOri_7_a_07_TE,2013.1.00056.S,B,TWELVE_M,C34-4,7
2015-09-14T11:20:00,2015-09-14T13:20:00,uid://A001/X148/X56,SXDF-B3-_a_03_TE,2013.1.00742.S,B,TWELVE_M,C34-4,3
2015-09-14T14:40:00,2015-09-14T16:40:00,uid://A001/X13f/Xd0,sigOri_7_a_07_TE,2013.1.00056.S,B,TWELVE_M,C34-4,7
2015-09-15T04:00:00,2015-09-15T06:00:00,uid://A001/X148/X56,SXDF-B3-_a_03_TE,2013.1.00742.S,B,TWELVE_M,C34-4,3
2015-09-15T06:00:00,2015-09-15T08:00:00,uid://A001/X148/X56,SXDF-B3-_a_03_TE,2013.1.00742.S,B,TWELVE_M,C34-4,3
2015-09-15T08:00:00,2015-09-15T10:00:00,uid://A001/X146/X7f,SBS0335-_a_09_TE,2013.1.00380.S,B,TWELVE_M,C34-4,9
2015-09-15T10:00:00,2015-09-15T12:00:00,uid://A001/X13f/Xd0,sigOri_7_a_07_TE,2013.1.00056.S,B,TWELVE_M,C34-4,7
2015-09-15T12:00:00,2015-09-15T14:00:00,uid://A001/X13f/Xd0,sigOri_7_a_07_TE,2013.1.00056.S,B,TWELVE_M,C34-4,7
2015-09-16T03:20:00,2015-09-16T05:20:00,uid://A001/X148/X56,SXDF-B3-_a_03_TE,2013.1.00742.S,B,TWELVE_M,C34-4,3
2015-09-16T05:20:00,2015-09-16T07:20:00,uid://A001/X135/X12,RCSGA032_a_09_TE,2013.1.00430.S,A,TWELVE_M,C34-4,9
2015-09-16T05:20:00,2015-09-16T09:20:00,uid://A002/X95bb93/X2,M74_c_06_TP,2012.1.00650.S,B,TP_ARRAY,TP,6
2015-09-16T07:20:00,2015-09-16T09:20:00,uid://A001/X148/X56,SXDF-B3-_a_03_TE,2013.1.00742.S,B,TWELVE_M,C34-4,3
2015-09-16T09:20:00,2015-09-16T11:20:00,uid://A001/X148/X56,SXDF-B3-_a_03_TE,2013.1.00742.S,B,TWELVE_M,C34-4,3
2015-09-16T09:20:00,2015-09-16T12:00:00,uid://A001/X147/X31d,OMC1_NW_a_06_TP,2013.1.00546.S,B,TP_ARRAY,TP,6
2015-09-16T11:20:00,2015-09-16T12:00:00,uid://A001/X146/X7f,SBS0335-_a_09_TE,2013.1.00380.S,B,TWELVE_M,C34-4,9
2015-09-17T02:40:00,2015-09-17T04:40:00,uid://A001/X148/X56,SXDF-B3-_a_03_TE,2013.1.00742.S,B,TWELVE_M,C34-4,3
2015-09-17T04:40:00,2015-09-17T06:40:00,uid://A001/X148/X56,SXDF-B3-_a_03_TE,2013.1.00742.S,B,TWELVE_M,C34-4,3
2015-09-17T06:40:00,2015-09-17T08:40:00,uid://A001/X148/X56,SXDF-B3-_a_03_TE,2013.1.00742.S,B,TWELVE_M,C34-4,3
2015-09-17T08:40:00,2015-09-17T10:40:00,uid://A001/X148/X56,SXDF-B3-_a_03_TE,2013.1.00742.S,B,TWELVE_M,C34-4,3
2015-09-17T09:20:00,2015-09-17T12:00:00,uid://A001/X148/Xa0,L1544_a_06_TP,2013.1.01195.S,B,TP_ARRAY,TP,6
2015-09-17T10:40:00,2015-09-17T12:00:00,uid://A001/X148/X56,SXDF-B3-_a_03_TE,2013.1.00742.S,B,TWELVE_M,C34-4,3
2015-09-18T02:40:00,2015-09-18T04:40:00,uid://A001/X148/X56,SXDF-B3-_a_03_TE,2013.1.00742.S,B,TWELVE_M,C34-4,3
2015-09-18T04:40:00,2015-09-18T06:40:00,uid://A001/X148/X56,SXDF-B3-_a_03_TE,2013.1.00742.S,B,TWELVE_M,C34-4,3
2015-09-18T05:20:00,2015-09-18T09:20:00,uid://A002/X95bb93/X2,M74_c_06_TP,2012.1.00650.S,B,TP_ARRAY,TP,6
2015-09-18T06:40:00,2015-09-18T08:40:00,uid://A001/X148/X56,SXDF-B3-_a_03_TE,2013.1.00742.S,B,TWELVE_M,C34-4,3
2015-09-18T09:20:00,2015-09-18T12:00:00,uid://A001/X148/Xa0,L1544_a_06_TP,2013.1.01195.S,B,TP_ARRAY,TP,6
2015-09-18T10:40:00,2015-09-18T12:00:00,uid://A001/X148/X56,SXDF-B3-_a_03_TE,2013.1.00742.S,B,TWELVE_M,C34-4,3
2015-09-19T02:40:00,2015-09-19T04:40:00,uid://A001/X148/X56,SXDF-B3-_a_03_TE,2013.1.00742.S,B,TWELVE_M,C34-4,3
2015-09-19T04:40:00,2015-09-19T06:40:00,uid://A001/X148/X56,SXDF-B3-_a_03_TE,2013.1.00742.S,B,TWELVE_M,C34-4,3
2015-09-19T05:20:00,2015-09-19T09:20:00,uid://A002/X95bb93/X2,M74_c_06_TP,2012.1.00650.S,B,TP_ARRAY,TP,6
2015-09-19T06:40:00,2015-09-19T08:40:00,uid://A001/X148/X56,SXDF-B3-_a_03_TE,2013.1.00742.S,B,TWELVE_M,C34-4,3
2015-09-19T08:40:00,2015-09-19T10:40:00,uid://A001/X148/X56,SXDF-B3-_a_03_TE,2013.1.00742.S,B,TWELVE_M,C34-4,3
2015-09-19T09:20:00,2015-09-19T13:20:00,uid://A001/X148/Xa0,L1544_a_06_TP,2013.1.01195.S,B,TP_ARRAY,TP,6
2015-09-19T10:40:00,2015-09-19T12:40:00,uid://A001/X148/X56,SXDF-B3-_a_03_TE,2013.1.00742.S,B,TWELVE_M,C34-4,3
2015-09-20T05:20:00,2015-09-20T09:20:00,uid://A002/X95bb93/X2,M74_c_06_TP,2012.1.00650.S,B,TP_ARRAY,TP,6
2015-09-21T02:40:00,2015-09-21T04:40:00,uid://A001/X148/X56,SXDF-B3-_a_03_TE,2013.1.00742.S,B,TWELVE_M,C34-4,3
2015-09-21T04:40:00,2015-09-21T06:40:00,uid://A001/X148/X56,SXDF-B3-_a_03_TE,2013.1.00742.S,B,TWELVE_M,C34-4,3
2015-09-21T05:20:00,2015-09-21T09:20:00,uid://A002/X95bb93/X2,M74_c_06_TP,2012.1.00650.S,B,TP_ARRAY,TP,6
2015-09-21T06:40:00,2015-09-21T08:40:00,uid://A001/X148/X56,SXDF-B3-_a_03_TE,2013.1.00742.S,B,TWELVE_M,C34-4,3
2015-09-21T08:40:00,2015-09-21T10:40:00,uid://A001/X148/X56,SXDF-B3-_a_03_TE,2013.1.00742.S,B,TWELVE_M,C34-4,3
2015-09-21T10:40:00,2015-09-21T12:00:00,uid://A001/X148/X56,SXDF-B3-_a_03_TE,2013.1.00742.S,B,TWELVE_M,C34-4,3
2015-09-22T02:40:00,2015-09-22T04:40:00,uid://A001/X148/X56,SXDF-B3-_a_03_TE,2013.1.00742.S,B,TWELVE_M,C34-4,3
2015-09-22T04:00:00,2015-09-22T08:00:00,uid://A002/X95bb93/X2,M74_c_06_TP,2012.1.00650.S,B,TP_ARRAY,TP,6
2015-09-22T04:40:00,2015-09-22T06:40:00,uid://A001/X148/X56,SXDF-B3-_a_03_TE,2013.1.00742.S,B,TWELVE_M,C34-4,3
2015-09-22T06:40:00,2015-09-22T08:40:00,uid://A001/X148/X56,SXDF-B3-_a_03_TE,2013.1.00742.S,B,TWELVE_M,C34-4,3
2015-09-22T08:00:00,2015-09-22T12:00:00,uid://A002/X95bb93/X2,M74_c_06_TP,2012.1.00650.S,B,TP_ARRAY,TP,6
2015-09-22T08:40:00,2015-09-22T10:40:00,uid://A001/X148/X56,SXDF-B3-_a_03_TE,2013.1.00742.S,B,TWELVE_M,C34-4,3
2015-09-22T10:40:00,2015-09-22T12:00:00,uid://A001/X135/X12,RCSGA032_a_09_TE,2013.1.00430.S,A,TWELVE_M,C34-4,9
2015-09-23T02:40:00,2015-09-23T04:40:00,uid://A001/X148/X56,SXDF-B3-_a_03_TE,2013.1.00742.S,B,TWELVE_M,C34-4,3
2015-09-23T04:00:00,2015-09-23T08:00:00,uid://A002/X95bb93/X2,M74_c_06_TP,2012.1.00650.S,B,TP_ARRAY,TP,6
2015-09-23T04:40:00,2015-09-23T06:40:00,uid://A001/X148/X56,SXDF-B3-_a_03_TE,2013.1.00742.S,B,TWELVE_M,C34-4,3
2015-09-23T06:40:00,2015-09-23T08:40:00,uid://A001/X148/X56,SXDF-B3-_a_03_TE,2013.1.00742.S,B,TWELVE_M,C34-4,3
2015-09-23T08:00:00,2015-09-23T12:00:00,uid://A002/X95bb93/X2,M74_c_06_TP,2012.1.00650.S,B,TP_ARRAY,TP,6
2015-09-23T08:40:00,2015-09-23T10:40:00,uid://A001/X148/X56,SXDF-B3-_a_03_TE,2013.1.00742.S,B,TWELVE_M,C34-4,3
2015-09-23T10:40:00,2015-09-23T12:00:00,uid://A001/X148/X56,SXDF-B3-_a_03_TE,2013.1.00742.S,B,TWELVE_M,C34-4,3
2015-09-24T02:40:00,2015-09-24T04:40:00,uid://A001/X148/X56,SXDF-B3-_a_03_TE,2013.1.00742.S,B,TWELVE_M,C34-4,3
2015-09-24T04:00:00,2015-09-24T08:00:00,uid://A002/X95bb93/X2,M74_c_06_TP,2012.1.00650.S,B,TP_ARRAY,TP,6
2015-09-24T04:40:00,2015-09-24T06:40:00,uid://A001/X148/X56,SXDF-B3-_a_03_TE,2013.1.00742.S,B,TWELVE_M,C34-4,3
2015-09-24T06:40:00,2015-09-24T08:40:00,uid://A001/X148/X56,SXDF-B3-_a_03_TE,2013.1.00742.S,B,TWELVE_M,C34-4,3
2015-09-24T08:00:00,2015-09-24T12:00:00,uid://A002/X95bb93/X2,M74_c_06_TP,2012.1.00650.S,B,TP_ARRAY,TP,6
2015-09-24T08:40:00,2015-09-24T10:40:00,uid://A001/X148/X56,SXDF-B3-_a_03_TE,2013.1.00742.S,B,TWELVE_M,C34-4,3
2015-09-24T10:40:00,2015-09-24T12:00:00,uid://A001/X148/X56,SXDF-B3-_a_03_TE,2013.1.00742.S,B,TWELVE_M,C34-4,3
2015-09-25T02:40:00,2015-09-25T04:40:00,uid://A001/X148/X56,SXDF-B3-_a_03_TE,2013.1.00742.S,B,TWELVE_M,C34-4,3
2015-09-25T04:40:00,2015-09-25T06:40:00,uid://A001/X148/X56,SXDF-B3-_a_03_TE,2013.1.00742.S,B,TWELVE_M,C34-4,3
2015-09-25T06:40:00,2015-09-25T08:40:00,uid://A001/X148/X56,SXDF-B3-_a_03_TE,2013.1.00742.S,B,TWELVE_M,C34-4,3
2015-09-25T08:00:00,2015-09-25T12:00:00,uid://A001/X147/X31d,OMC1_NW_a_06_TP,2013.1.00546.S,B,TP_ARRAY,TP,6
2015-09-25T08:40:00,2015-09-25T10:40:00,uid://A001/X135/X12,RCSGA032_a_09_TE,2013.1.00430.S,A,TWELVE_M,C34-4,9
2015-09-25T10:40:00,2015-09-25T12:00:00,uid://A001/X148/X56,SXDF-B3-_a_03_TE,2013.1.00742.S,B,TWELVE_M,C34-4,3
2015-09-26T02:40:00,2015-09-26T04:40:00,uid://A001/X148/X56,SXDF-B3-_a_03_TE,2013.1.00742.S,B,TWELVE_M,C34-4,3
2015-09-26T04:40:00,2015-09-26T06:40:00,uid://A001/X148/X56,SXDF-B3-_a_03_TE,2013.1.00742.S,B,TWELVE_M,C34-4,3
2015-09-26T06:40:00,2015-09-26T08:40:00,uid://A001/X148/X56,SXDF-B3-_a_03_TE,2013.1.00742.S,B,TWELVE_M,C34-4,3
2015-09-26T08:00:00,2015-09-26T12:00:00,uid://A001/X147/X31f,OMC1_SE_a_06_TP,2013.1.00546.S,B,TP_ARRAY,TP,6
2015-09-26T08:40:00,2015-09-26T10:40:00,uid://A001/X148/X56,SXDF-B3-_a_03_TE,2013.1.00742.S,B,TWELVE_M,C34-4,3
2015-09-26T10:40:00,2015-09-26T12:00:00,uid://A002/X5ce05d/X74,BN_a_09_12,2012.1.00123.S,B,TWELVE_M,C34-4,9
2015-09-27T02:40:00,2015-09-27T04:40:00,uid://A001/X148/X56,SXDF-B3-_a_03_TE,2013.1.00742.S,B,TWELVE_M,C34-4,3
2015-09-27T04:40:00,2015-09-27T06:40:00,uid://A001/X148/X56,SXDF-B3-_a_03_TE,2013.1.00742.S,B,TWELVE_M,C34-4,3
2015-09-27T06:40:00,2015-09-27T08:40:00,uid://A001/X148/X56,SXDF-B3-_a_03_TE,2013.1.00742.S,B,TWELVE_M,C34-4,3
2015-09-27T08:00:00,2015-09-27T12:00:00,uid://A001/X147/X31f,OMC1_SE_a_06_TP,2013.1.00546.S,B,TP_ARRAY,TP,6
2015-09-27T08:40:00,2015-09-27T10:40:00,uid://A001/X148/X56,SXDF-B3-_a_03_TE,2013.1.00742.S,B,TWELVE_M,C34-4,3
2015-09-27T10:40:00,2015-09-27T12:00:00,uid://A001/X148/X56,SXDF-B3-_a_03_TE,2013.1.00742.S,B,TWELVE_M,C34-4,3
2015-09-28T02:40:00,2015-09-28T04:40:00,uid://A001/X148/X56,SXDF-B3-_a_03_TE,2013.1.00742.S,B,TWELVE_M,C34-4,3
2015-09-28T04:40:00,2015-09-28T06:40:00,uid://A001/X148/X56,SXDF-B3-_a_03_TE,2013.1.00742.S,B,TWELVE_M,C34-4,3
2015-09-28T06:40:00,2015-09-28T08:40:00,uid://A001/X148/X56,SXDF-B3-_a_03_TE,2013.1.00742.S,B,TWELVE_M,C34-4,3
2015-09-28T08:00:00,2015-09-28T12:00:00,uid://A001/X147/X31d,OMC1_NW_a_06_TP,2013.1.00546.S,B,TP_ARRAY,TP,6
2015-09-28T08:40:00,2015-09-28T10:40:00,uid://A001/X148/X56,SXDF-B3-_a_03_TE,2013.1.00742.S,B,TWELVE_M,C34-4,3
2015-09-28T10:40:00,2015-09-28T12:00:00,uid://A001/X148/X56,SXDF-B3-_a_03_TE,2013.1.00742.S,B,TWELVE_M,C34-4,3
2015-09-29T02:40:00,2015-09-29T04:40:00,uid://A001/X148/X56,SXDF-B3-_a_03_TE,2013.1.00742.S,B,TWELVE_M,C34-4,3
2015-09-29T04:40:00,2015-09-29T06:40:00,uid://A001/X148/X56,SXDF-B3-_a_03_TE,2013.1.00742.S,B,TWELVE_M,C34-4,3
2015-09-29T06:40:00,2015-09-29T08:40:00,uid://A001/X148/X56,SXDF-B3-_a_03_TE,2013.1.00742.S,B,TWELVE_M,C34-4,3
2015-09-29T08:00:00,2015-09-29T12:00:00,uid://A001/X147/X31d,OMC1_NW_a_06_TP,2013.1.00546.S,B,TP_ARRAY,TP,6
2015-09-29T08:40:00,2015-09-29T10:40:00,uid://A001/X148/X56,SXDF-B3-_a_03_TE,2013.1.00742.S,B,TWELVE_M,C34-4,3
2015-09-29T10:40:00,2015-09-29T12:00:00,uid://A001/X148/X56,SXDF-B3-_a_03_TE,2013.1.00742.S,B,TWELVE_M,C34-4,3
